{"successful_requests": 100, "slowest": 0.16516763501567766, "fastest": 0.09015588401234709, "total_time": 2.7735278719919734, "requests_per_minute": 2163, "requests_per_second": 36}