{"successful_requests": 100, "slowest": 0.1609053990105167, "fastest": 0.1042865100025665, "total_time": 2.748602042993298, "requests_per_minute": 2183, "requests_per_second": 36}